Workbook

Sheet Read me
A1: CulinaAI ingredient prices
A3: What this is | B3: A price per kg for each of the 190 foods CulinaAI's ingredient names map to. It powers the cheapest version of a dish and the cost per serving. 187 of 190 have a price.
A4: Where prices come from | B4: 1. ONS (70 foods, status starts with 'ONS'): ONS average prices for August 2026 (tab 'ONS items used'). Open Government Licence v3.0. 'Stand-in' = ONS has no exact item, so the nearest is used; the note says which.
B5: 2. Shop average (116 foods, 2 of them a stand-in that borrows another food's prices; the note says which): the average of Tesco, Sainsbury's and Morrisons shelf prices read on 2 Oct 2026. Own-brand standard range where sold, smallest normal pack, regular price (no Clubcard or Nectar prices). At least 2 shops per food. Every shop price is in the 'Shop prices' tab.
B6: These three shops hold about half the GB grocery market (51.6%, Kantar, 12 weeks to July 2026). Asda and Aldi block automated reading of their sites and Lidl shows few prices online, so they are not included.
B7: 3. Tinned foods (beans, chickpeas, tuna, sweetcorn, sardines) are priced per kg of DRAINED weight, because the nutrition data is for the drained food.
B8: 4. Loose items sold 'each' (peppers, cabbage, avocado...) use the USDA FoodData Central weight of one item. For mango, avocado and orange that is the weight of the flesh, so the price is per kg of flesh. Eggs: 12 x 58 g, the middle of the UK medium egg band.
A9: Known differences | B9: ONS averages include branded products and convenience stores. For the ten foods sold 'each' that both cover, ONS was 4% to 46% higher than the three shops, and 137% higher for peppers (ONS £1.66 vs 70p each). See docs/evaluation/ons_vs_shop_each_items.csv.
B10: Shelf prices change weekly. Show costs as estimates, e.g. 'Estimated cost, from ONS average prices (August 2026) and Tesco, Sainsbury's and Morrisons prices (October 2026). Prices vary by shop and over time.'
A11: Still blank (red) | B11: Beetroot, butternut squash and garlic: see each row's note. Fill the yellow cells if you find a price.
A12: Checking a row | B12: Filter the 'Shop prices' tab by food code. Notes marked DOUBTFUL explain a judgement call.
A14: Progress
A15: Foods in the sheet | B15: =COUNTA(Prices!A3:A192) -> 190
A16: With a price per kg | B16: =COUNT(Prices!I3:I192) -> 187
A17: Shop averages | B17: =COUNTIF(Prices!D3:D192,"Shop*") -> 116
A18: From ONS | B18: =COUNTIF(Prices!D3:D192,"ONS*") -> 70
A19: Still blank | B19: =COUNTIF(Prices!D3:D192,"No price yet") -> 3

Sheet Prices
A1: Food code | B1: CoFID food | C1: Recipe names | D1: Status | E1: Price source | F1: Product / ONS item | G1: Pack price (£) | H1: Pack weight (g) | I1: Price per kg (£) | J1: Shop | K1: Date checked | L1: Notes
A2: (example) | B2: Lentils, red, split, dried, raw | C2: red lentil; lentil | D2: Example | E2: Supermarket shelf price | F2: Own-brand red split lentils 500 g | G2: 1.1 | H2: 500 | I2: =IF(AND(ISNUMBER(G2),ISNUMBER(H2),H2>0),G2/H2*1000,"") -> 2.2 | J2: Tesco | K2: 05/10/2026 | L2: Example only, not a real price. Delete or ignore this row.
A3: 11-861 | B3: Rice, white, long grain, raw | C3: rice; white rice; long grain rice | D3: Shop average | E3: Average of 3 supermarkets, 2 Oct 2026 | F3: Own-brand standard range where sold (see 'Shop prices' tab) | G3: 1.52 | H3: 1000 | I3: =IF(AND(ISNUMBER(G3),ISNUMBER(H3),H3>0),G3/H3*1000,"") -> 1.52 | J3: Morrisons, Sainsbury's, Tesco | K3: 02/10/2026 | L3: Range £1.25 to £2.00 per kg
A4: 11-868 | B4: Rice, brown, wholegrain, raw | C4: brown rice | D4: Shop average | E4: Average of 3 supermarkets, 2 Oct 2026 | F4: Own-brand standard range where sold (see 'Shop prices' tab) | G4: 1.39 | H4: 1000 | I4: =IF(AND(ISNUMBER(G4),ISNUMBER(H4),H4>0),G4/H4*1000,"") -> 1.39 | J4: Morrisons, Sainsbury's, Tesco | K4: 02/10/2026 | L4: Range £1.38 to £1.39 per kg
A5: 11-878 | B5: Rice, white, Italian Arborio risotto, raw | C5: arborio rice | D5: Shop average | E5: Average of 3 supermarkets, 2 Oct 2026 | F5: Own-brand standard range where sold (see 'Shop prices' tab) | G5: 4.6 | H5: 1000 | I5: =IF(AND(ISNUMBER(G5),ISNUMBER(H5),H5>0),G5/H5*1000,"") -> 4.6 | J5: Morrisons, Sainsbury's, Tesco | K5: 02/10/2026 | L5: Range £3.30 to £6.00 per kg
A6: 11-889 | B6: Flour, wheat, wholemeal | C6: wholemeal flour | D6: Shop average | E6: Average of 3 supermarkets, 2 Oct 2026 | F6: Own-brand standard range where sold (see 'Shop prices' tab) | G6: 1.34 | H6: 1000 | I6: =IF(AND(ISNUMBER(G6),ISNUMBER(H6),H6>0),G6/H6*1000,"") -> 1.34 | J6: Morrisons, Sainsbury's, Tesco | K6: 02/10/2026 | L6: Range £1.00 to £1.95 per kg
A7: 11-973 | B7: Bread, naan, retail | C7: naan; naan bread | D7: Shop average | E7: Average of 3 supermarkets, 2 Oct 2026 | F7: Own-brand standard range where sold (see 'Shop prices' tab) | G7: 3.69 | H7: 1000 | I7: =IF(AND(ISNUMBER(G7),ISNUMBER(H7),H7>0),G7/H7*1000,"") -> 3.69 | J7: Morrisons, Sainsbury's, Tesco | K7: 02/10/2026 | L7: Range £2.65 to £5.77 per kg
A8: 11-974 | B8: Bread, pitta, white | C8: pitta; pitta bread | D8: Shop average | E8: Average of 3 supermarkets, 2 Oct 2026 | F8: Own-brand standard range where sold (see 'Shop prices' tab) | G8: 1.39 | H8: 1000 | I8: =IF(AND(ISNUMBER(G8),ISNUMBER(H8),H8>0),G8/H8*1000,"") -> 1.39 | J8: Morrisons, Sainsbury's, Tesco | K8: 02/10/2026 | L8: Range £1.39 to £1.39 per kg. Weight per item: 6 pittas x 60 g (Tesco product page)
A9: 12-184 | B9: Yogurt, whole milk, plain | C9: natural yogurt; natural yoghurt; plain yogurt; yogurt; yoghurt | D9: Shop average | E9: Average of 3 supermarkets, 2 Oct 2026 | F9: Own-brand standard range where sold (see 'Shop prices' tab) | G9: 2.3 | H9: 1000 | I9: =IF(AND(ISNUMBER(G9),ISNUMBER(H9),H9>0),G9/H9*1000,"") -> 2.3 | J9: Morrisons, Sainsbury's, Tesco | K9: 02/10/2026 | L9: Range £2.30 to £2.30 per kg
A10: 12-307 | B10: Milk, skimmed, pasteurised, average | C10: skimmed milk | D10: ONS stand-in, check | E10: ONS average price, Aug 2026 | F10: Milk - cow's (semi-skimmed, fresh) (1136 ml) | G10: 1.15 | H10: 1136 | I10: =IF(AND(ISNUMBER(G10),ISNUMBER(H10),H10>0),G10/H10*1000,"") -> 1.0123239 | L10: ONS has no skimmed milk item. The shop rows are 1-pint packs (£1.50/litre), which cost more per kg than the 2-pint ONS milk items. Tesco and Sainsbury's also sell 2 pints of skimmed for £1.20 (about £1.06/kg), close to the ONS semi-skimmed price used here
A11: 12-334 | B11: Cream, fresh, double, including Jersey cream | C11: double cream | D11: Shop average | E11: Average of 3 supermarkets, 2 Oct 2026 | F11: Own-brand standard range where sold (see 'Shop prices' tab) | G11: 7.56 | H11: 1000 | I11: =IF(AND(ISNUMBER(G11),ISNUMBER(H11),H11>0),G11/H11*1000,"") -> 7.56 | J11: Morrisons, Sainsbury's, Tesco | K11: 02/10/2026 | L11: Range £7.33 to £8.00 per kg
A12: 12-335 | B12: Creme fraiche, full fat | C12: creme fraiche | D12: Shop average | E12: Average of 3 supermarkets, 2 Oct 2026 | F12: Own-brand standard range where sold (see 'Shop prices' tab) | G12: 2.83 | H12: 1000 | I12: =IF(AND(ISNUMBER(G12),ISNUMBER(H12),H12>0),G12/H12*1000,"") -> 2.83 | J12: Morrisons, Sainsbury's, Tesco | K12: 02/10/2026 | L12: Range £2.50 to £3.50 per kg
A13: 12-360 | B13: Cheese, Mozzarella, fresh | C13: mozzarella | D13: Shop average | E13: Average of 3 supermarkets, 2 Oct 2026 | F13: Own-brand standard range where sold (see 'Shop prices' tab) | G13: 8.4 | H13: 1000 | I13: =IF(AND(ISNUMBER(G13),ISNUMBER(H13),H13>0),G13/H13*1000,"") -> 8.4 | J13: Morrisons, Sainsbury's, Tesco | K13: 02/10/2026 | L13: Range £4.40 to £10.40 per kg
A14: 12-379 | B14: Yogurt, low fat, plain | C14: low fat yogurt | D14: Shop average | E14: Average of 3 supermarkets, 2 Oct 2026 | F14: Own-brand standard range where sold (see 'Shop prices' tab) | G14: 1.9 | H14: 1000 | I14: =IF(AND(ISNUMBER(G14),ISNUMBER(H14),H14>0),G14/H14*1000,"") -> 1.9 | J14: Morrisons, Sainsbury's, Tesco | K14: 02/10/2026 | L14: Range £1.10 to £2.30 per kg
A15: 12-495 | B15: Cheese, Paneer | C15: paneer | D15: Shop average | E15: Average of 2 supermarkets, 2 Oct 2026 | F15: Own-brand standard range where sold (see 'Shop prices' tab) | G15: 9 | H15: 1000 | I15: =IF(AND(ISNUMBER(G15),ISNUMBER(H15),H15>0),G15/H15*1000,"") -> 9 | J15: Morrisons, Tesco | K15: 02/10/2026 | L15: Range £9.00 to £9.00 per kg
A16: 12-524 | B16: Milk, soya, non-dairy alternative to milk, unsweetened, fortified | C16: soya milk | D16: Shop average | E16: Average of 3 supermarkets, 2 Oct 2026 | F16: Own-brand standard range where sold (see 'Shop prices' tab) | G16: 1.25 | H16: 1000 | I16: =IF(AND(ISNUMBER(G16),ISNUMBER(H16),H16>0),G16/H16*1000,"") -> 1.25 | J16: Morrisons, Sainsbury's, Tesco | K16: 02/10/2026 | L16: Range £1.15 to £1.30 per kg
A17: 12-525 | B17: Cheese, Feta | C17: feta | D17: Shop average | E17: Average of 3 supermarkets, 2 Oct 2026 | F17: Own-brand standard range where sold (see 'Shop prices' tab) | G17: 11.25 | H17: 1000 | I17: =IF(AND(ISNUMBER(G17),ISNUMBER(H17),H17>0),G17/H17*1000,"") -> 11.25 | J17: Morrisons, Sainsbury's, Tesco | K17: 02/10/2026 | L17: Range £10.75 to £11.75 per kg
A18: 12-545 | B18: Cocoa powder | C18: cocoa powder | D18: Shop average | E18: Average of 3 supermarkets, 2 Oct 2026 | F18: Own-brand standard range where sold (see 'Shop prices' tab) | G18: 14.59 | H18: 1000 | I18: =IF(AND(ISNUMBER(G18),ISNUMBER(H18),H18>0),G18/H18*1000,"") -> 14.59 | J18: Morrisons, Sainsbury's, Tesco | K18: 02/10/2026 | L18: Range £11.96 to £17.80 per kg
A19: 12-555 | B19: Yogurt, Greek style, plain | C19: greek yogurt; greek yoghurt | D19: Shop average | E19: Average of 3 supermarkets, 2 Oct 2026 | F19: Own-brand standard range where sold (see 'Shop prices' tab) | G19: 2.3 | H19: 1000 | I19: =IF(AND(ISNUMBER(G19),ISNUMBER(H19),H19>0),G19/H19*1000,"") -> 2.3 | J19: Morrisons, Sainsbury's, Tesco | K19: 02/10/2026 | L19: Range £2.30 to £2.30 per kg
A20: 13-074 | B20: Beans, chick peas, Kabuli, whole, dried, raw | C20: dried chickpea | D20: Shop average | E20: Average of 3 supermarkets, 2 Oct 2026 | F20: Own-brand standard range where sold (see 'Shop prices' tab) | G20: 3.01 | H20: 1000 | I20: =IF(AND(ISNUMBER(G20),ISNUMBER(H20),H20>0),G20/H20*1000,"") -> 3.01 | J20: Morrisons, Sainsbury's, Tesco | K20: 02/10/2026 | L20: Range £1.93 to £4.60 per kg
A21: 13-089 | B21: Lentils, green and brown, whole, dried, raw | C21: green lentil; brown lentil | D21: Shop average | E21: Average of 3 supermarkets, 2 Oct 2026 | F21: Own-brand standard range where sold (see 'Shop prices' tab) | G21: 4.17 | H21: 1000 | I21: =IF(AND(ISNUMBER(G21),ISNUMBER(H21),H21>0),G21/H21*1000,"") -> 4.17 | J21: Morrisons, Sainsbury's, Tesco | K21: 02/10/2026 | L21: Range £4.10 to £4.20 per kg
A22: 13-161 | B22: Aubergine, raw | C22: aubergine; eggplant | D22: Shop average | E22: Average of 2 supermarkets, 2 Oct 2026 | F22: Own-brand standard range where sold (see 'Shop prices' tab) | G22: 1.73 | H22: 1000 | I22: =IF(AND(ISNUMBER(G22),ISNUMBER(H22),H22>0),G22/H22*1000,"") -> 1.73 | J22: Morrisons, Sainsbury's | K22: 02/10/2026 | L22: Range £1.73 to £1.73 per kg. Weight per item: USDA FDC 169228, 1 aubergine
A23: 13-164 | B23: Beetroot, raw | C23: beetroot | D23: No price yet | E23: Supermarket shelf price | I23: =IF(AND(ISNUMBER(G23),ISNUMBER(H23),H23>0),G23/H23*1000,"") | L23: Only Sainsbury's gave a weight for standard beetroot. Morrisons sells bunches with no weight, and Tesco's only beetroot sold by weight is organic, which the rules leave out
A24: 13-190 | B24: Cabbage, red, raw | C24: red cabbage | D24: Shop average | E24: Average of 3 supermarkets, 2 Oct 2026 | F24: Own-brand standard range where sold (see 'Shop prices' tab) | G24: 1.06 | H24: 1000 | I24: =IF(AND(ISNUMBER(G24),ISNUMBER(H24),H24>0),G24/H24*1000,"") -> 1.06 | J24: Morrisons, Sainsbury's, Tesco | K24: 02/10/2026 | L24: Range £1.06 to £1.06 per kg. Weight per item: USDA FDC 169977, 1 medium red cabbage head
A25: 13-234 | B25: Curly kale, raw | C25: kale | D25: Shop average | E25: Average of 2 supermarkets, 2 Oct 2026 | F25: Own-brand standard range where sold (see 'Shop prices' tab) | G25: 4.46 | H25: 1000 | I25: =IF(AND(ISNUMBER(G25),ISNUMBER(H25),H25>0),G25/H25*1000,"") -> 4.46 | J25: Morrisons, Tesco | K25: 02/10/2026 | L25: Range £4.44 to £4.47 per kg
A26: 13-244 | B26: Garlic, raw | C26: garlic; garlic clove | D26: No price yet | E26: Supermarket shelf price | I26: =IF(AND(ISNUMBER(G26),ISNUMBER(H26),H26>0),G26/H26*1000,"") | L26: Garlic is sold in bulbs with no weight shown, and USDA has no bulb weight
A27: 13-300 | B27: Okra, raw | C27: okra | D27: Shop average | E27: Average of 2 supermarkets, 2 Oct 2026 | F27: Own-brand standard range where sold (see 'Shop prices' tab) | G27: 9.38 | H27: 1000 | I27: =IF(AND(ISNUMBER(G27),ISNUMBER(H27),H27>0),G27/H27*1000,"") -> 9.38 | J27: Morrisons, Sainsbury's | K27: 02/10/2026 | L27: Range £8.75 to £10.00 per kg
A28: 13-316 | B28: Peppers, capsicum, chilli, green, raw | C28: chilli; green chilli | D28: Shop average | E28: Average of 3 supermarkets, 2 Oct 2026 | F28: Own-brand standard range where sold (see 'Shop prices' tab) | G28: 13.44 | H28: 1000 | I28: =IF(AND(ISNUMBER(G28),ISNUMBER(H28),H28>0),G28/H28*1000,"") -> 13.44 | J28: Morrisons, Sainsbury's, Tesco | K28: 02/10/2026 | L28: Range £11.54 to £14.40 per kg
A29: 13-317 | B29: Peppers, capsicum, chilli, red, raw | C29: red chilli | D29: Shop average | E29: Average of 3 supermarkets, 2 Oct 2026 | F29: Own-brand standard range where sold (see 'Shop prices' tab) | G29: 9.59 | H29: 1000 | I29: =IF(AND(ISNUMBER(G29),ISNUMBER(H29),H29>0),G29/H29*1000,"") -> 9.59 | J29: Morrisons, Sainsbury's, Tesco | K29: 02/10/2026 | L29: Range £8.46 to £11.80 per kg
A30: 13-342 | B30: Shallots, raw | C30: shallot | D30: Shop average | E30: Average of 2 supermarkets, 2 Oct 2026 | F30: Own-brand standard range where sold (see 'Shop prices' tab) | G30: 3.38 | H30: 1000 | I30: =IF(AND(ISNUMBER(G30),ISNUMBER(H30),H30>0),G30/H30*1000,"") -> 3.38 | J30: Sainsbury's, Tesco | K30: 02/10/2026 | L30: Range £3.38 to £3.38 per kg
A31: 13-352 | B31: Spring onions, bulbs and tops, raw | C31: spring onion | D31: Shop average | E31: Average of 3 supermarkets, 2 Oct 2026 | F31: Own-brand standard range where sold (see 'Shop prices' tab) | G31: 6.77 | H31: 1000 | I31: =IF(AND(ISNUMBER(G31),ISNUMBER(H31),H31>0),G31/H31*1000,"") -> 6.77 | J31: Morrisons, Sainsbury's, Tesco | K31: 02/10/2026 | L31: Range £6.50 to £6.90 per kg
A32: 13-355 | B32: Squash, butternut, raw | C32: butternut squash | D32: No price yet | E32: Supermarket shelf price | I32: =IF(AND(ISNUMBER(G32),ISNUMBER(H32),H32>0),G32/H32*1000,"") | L32: Only Sainsbury's sells it by weight. Tesco and Morrisons sell it 'each' with no weight shown
A33: 13-519 | B33: Tomatoes, cherry, raw | C33: cherry tomato | D33: Shop average | E33: Average of 3 supermarkets, 2 Oct 2026 | F33: Own-brand standard range where sold (see 'Shop prices' tab) | G33: 3.12 | H33: 1000 | I33: =IF(AND(ISNUMBER(G33),ISNUMBER(H33),H33>0),G33/H33*1000,"") -> 3.12 | J33: Morrisons, Sainsbury's, Tesco | K33: 02/10/2026 | L33: Range £2.70 to £3.33 per kg
A34: 13-521 | B34: Spinach, baby, raw | C34: baby spinach | D34: Shop average | E34: Average of 3 supermarkets, 2 Oct 2026 | F34: Own-brand standard range where sold (see 'Shop prices' tab) | G34: 7.36 | H34: 1000 | I34: =IF(AND(ISNUMBER(G34),ISNUMBER(H34),H34>0),G34/H34*1000,"") -> 7.36 | J34: Morrisons, Sainsbury's, Tesco | K34: 02/10/2026 | L34: Range £6.25 to £8.33 per kg
A35: 13-531 | B35: Tomato puree | C35: tomato puree; tomato paste | D35: Shop average | E35: Average of 3 supermarkets, 2 Oct 2026 | F35: Own-brand standard range where sold (see 'Shop prices' tab) | G35: 3.84 | H35: 1000 | I35: =IF(AND(ISNUMBER(G35),ISNUMBER(H35),H35>0),G35/H35*1000,"") -> 3.84 | J35: Morrisons, Sainsbury's, Tesco | K35: 02/10/2026 | L35: Range £2.95 to £5.63 per kg
A36: 13-570 | B36: Tofu, soya bean, steamed | C36: tofu | D36: Shop average | E36: Average of 3 supermarkets, 2 Oct 2026 | F36: Own-brand standard range where sold (see 'Shop prices' tab) | G36: 8.06 | H36: 1000 | I36: =IF(AND(ISNUMBER(G36),ISNUMBER(H36),H36>0),G36/H36*1000,"") -> 8.06 | J36: Morrisons, Sainsbury's, Tesco | K36: 02/10/2026 | L36: Range £6.67 to £8.75 per kg
A37: 13-572 | B37: Spinach, mature, raw | C37: spinach | D37: Shop average | E37: Average of 3 supermarkets, 2 Oct 2026 | F37: Own-brand standard range where sold (see 'Shop prices' tab) | G37: 4.39 | H37: 1000 | I37: =IF(AND(ISNUMBER(G37),ISNUMBER(H37),H37>0),G37/H37*1000,"") -> 4.39 | J37: Morrisons, Sainsbury's, Tesco | K37: 02/10/2026 | L37: Range £3.54 to £5.19 per kg
A38: 13-574 | B38: Quorn, pieces, as purchased | C38: quorn | D38: Shop average | E38: Average of 3 supermarkets, 2 Oct 2026 | F38: Own-brand standard range where sold (see 'Shop prices' tab) | G38: 9.17 | H38: 1000 | I38: =IF(AND(ISNUMBER(G38),ISNUMBER(H38),H38>0),G38/H38*1000,"") -> 9.17 | J38: Morrisons, Sainsbury's, Tesco | K38: 02/10/2026 | L38: Range £9.17 to £9.17 per kg
A39: 13-624 | B39: Leeks, raw | C39: leek | D39: Shop average | E39: Average of 3 supermarkets, 2 Oct 2026 | F39: Own-brand standard range where sold (see 'Shop prices' tab) | G39: 2.74 | H39: 1000 | I39: =IF(AND(ISNUMBER(G39),ISNUMBER(H39),H39>0),G39/H39*1000,"") -> 2.74 | J39: Morrisons, Sainsbury's, Tesco | K39: 02/10/2026 | L39: Range £2.74 to £2.74 per kg
A40: 13-636 | B40: Celery, raw | C40: celery | D40: Shop average | E40: Average of 3 supermarkets, 2 Oct 2026 | F40: Own-brand standard range where sold (see 'Shop prices' tab) | G40: 3.6 | H40: 1000 | I40: =IF(AND(ISNUMBER(G40),ISNUMBER(H40),H40>0),G40/H40*1000,"") -> 3.6 | J40: Morrisons, Sainsbury's, Tesco | K40: 02/10/2026 | L40: Range £3.60 to £3.60 per kg
A41: 13-657 | B41: Lentils, red, split, dried, raw | C41: red lentil; lentil | D41: Shop average | E41: Average of 3 supermarkets, 2 Oct 2026 | F41: Own-brand standard range where sold (see 'Shop prices' tab) | G41: 4.2 | H41: 1000 | I41: =IF(AND(ISNUMBER(G41),ISNUMBER(H41),H41>0),G41/H41*1000,"") -> 4.2 | J41: Morrisons, Sainsbury's, Tesco | K41: 02/10/2026 | L41: Range £4.20 to £4.20 per kg
A42: 13-804 | B42: Basil, fresh | C42: basil | D42: Shop average | E42: Average of 3 supermarkets, 2 Oct 2026 | F42: Own-brand standard range where sold (see 'Shop prices' tab) | G42: 18.89 | H42: 1000 | I42: =IF(AND(ISNUMBER(G42),ISNUMBER(H42),H42>0),G42/H42*1000,"") -> 18.89 | J42: Morrisons, Sainsbury's, Tesco | K42: 02/10/2026 | L42: Range £16.67 to £23.33 per kg
A43: 13-829 | B43: Garam masala | C43: garam masala | D43: Shop average | E43: Average of 3 supermarkets, 2 Oct 2026 | F43: Own-brand standard range where sold (see 'Shop prices' tab) | G43: 28.42 | H43: 1000 | I43: =IF(AND(ISNUMBER(G43),ISNUMBER(H43),H43>0),G43/H43*1000,"") -> 28.42 | J43: Morrisons, Sainsbury's, Tesco | K43: 02/10/2026 | L43: Range £26.32 to £30.26 per kg
A44: 13-830 | B44: Garlic powder | C44: garlic powder | D44: Shop average | E44: Average of 3 supermarkets, 2 Oct 2026 | F44: Own-brand standard range where sold (see 'Shop prices' tab) | G44: 15.91 | H44: 1000 | I44: =IF(AND(ISNUMBER(G44),ISNUMBER(H44),H44>0),G44/H44*1000,"") -> 15.91 | J44: Morrisons, Sainsbury's, Tesco | K44: 02/10/2026 | L44: Range £12.50 to £22.22 per kg
... A104: USDA-174928 | B104: Breadcrumbs, dry, plain | C104: breadcrumb | D104: Shop average | E104: Average of 3 supermarkets, 2 Oct 2026 | F104: Own-brand standard range where sold (see 'Shop prices' tab) | G104: 6.97 | H104: 1000 | I104: =IF(AND(ISNUMBER(G104),ISNUMBER(H104),H104>0),G104/H104*1000,"") -> 6.97 | J104: Morrisons, Sainsbury's, Tesco | K104: 02/10/2026 | L104: Range £6.80 to £7.14 per kg
A105: 12-937 | B105: Eggs, chicken, whole, raw | C105: egg | D105: ONS + egg weight | E105: ONS average price, Aug 2026 | F105: Eggs - free-range (12 pack) | G105: 3.93 | H105: 696 | I105: =IF(AND(ISNUMBER(G105),ISNUMBER(H105),H105>0),G105/H105*1000,"") -> 5.6465517 | L105: 12 eggs x 58 g, the middle of the UK medium egg band (53 g to under 63 g), retained Regulation (EC) 589/2008 Art. 4
A106: 13-318 | B106: Peppers, capsicum, green, raw | C106: green pepper | D106: Shop average | E106: Average of 2 supermarkets, 2 Oct 2026 | F106: Own-brand standard range where sold (see 'Shop prices' tab) | G106: 5.88 | H106: 1000 | I106: =IF(AND(ISNUMBER(G106),ISNUMBER(H106),H106>0),G106/H106*1000,"") -> 5.88 | J106: Morrisons, Sainsbury's | K106: 02/10/2026 | L106: Range £5.88 to £5.88 per kg. Weight per item: USDA FDC 170427, 1 medium green pepper. Replaces the ONS 'each' price, which ran higher than the three shops
A107: 13-512 | B107: Cauliflower, raw | C107: cauliflower | D107: Shop average | E107: Average of 3 supermarkets, 2 Oct 2026 | F107: Own-brand standard range where sold (see 'Shop prices' tab) | G107: 2.01 | H107: 1000 | I107: =IF(AND(ISNUMBER(G107),ISNUMBER(H107),H107>0),G107/H107*1000,"") -> 2.01 | J107: Morrisons, Sainsbury's, Tesco | K107: 02/10/2026 | L107: Range £2.01 to £2.02 per kg. Weight per item: USDA FDC 169986, 1 medium head. Replaces the ONS 'each' price, which ran higher than the three shops
A108: 13-520 | B108: Lettuce, average, raw | C108: lettuce | D108: Shop average | E108: Average of 3 supermarkets, 2 Oct 2026 | F108: Own-brand standard range where sold (see 'Shop prices' tab) | G108: 1.65 | H108: 1000 | I108: =IF(AND(ISNUMBER(G108),ISNUMBER(H108),H108>0),G108/H108*1000,"") -> 1.65 | J108: Morrisons, Sainsbury's, Tesco | K108: 02/10/2026 | L108: Range £1.65 to £1.65 per kg. Weight per item: USDA FDC 169248, 1 medium iceberg head. Replaces the ONS 'each' price, which ran higher than the three shops
A109: 13-523 | B109: Cucumber, raw, flesh and skin | C109: cucumber | D109: Shop average | E109: Average of 3 supermarkets, 2 Oct 2026 | F109: Own-brand standard range where sold (see 'Shop prices' tab) | G109: 3.29 | H109: 1000 | I109: =IF(AND(ISNUMBER(G109),ISNUMBER(H109),H109>0),G109/H109*1000,"") -> 3.29 | J109: Morrisons, Sainsbury's, Tesco | K109: 02/10/2026 | L109: Range £3.29 to £3.29 per kg. Weight per item: USDA FDC 168409, 1 cucumber. Replaces the ONS 'each' price, which ran higher than the three shops
A110: 13-524 | B110: Pepper, capsicum, red, raw | C110: red pepper; bell pepper | D110: Shop average | E110: Average of 2 supermarkets, 2 Oct 2026 | F110: Own-brand standard range where sold (see 'Shop prices' tab) | G110: 5.88 | H110: 1000 | I110: =IF(AND(ISNUMBER(G110),ISNUMBER(H110),H110>0),G110/H110*1000,"") -> 5.88 | J110: Morrisons, Sainsbury's | K110: 02/10/2026 | L110: Range £5.88 to £5.88 per kg. Weight per item: USDA FDC 170108, 1 medium red pepper. Replaces the ONS 'each' price, which ran higher than the three shops
A111: 13-526 | B111: Pepper, capsicum, yellow, raw | C111: yellow pepper | D111: Shop average | E111: Average of 3 supermarkets, 2 Oct 2026 | F111: Own-brand standard range where sold (see 'Shop prices' tab) | G111: 5.88 | H111: 1000 | I111: =IF(AND(ISNUMBER(G111),ISNUMBER(H111),H111>0),G111/H111*1000,"") -> 5.88 | J111: Morrisons, Sainsbury's, Tesco | K111: 02/10/2026 | L111: Range £5.88 to £5.88 per kg. Weight per item: USDA FDC 170108, 1 medium red pepper (USDA lists no medium yellow pepper). Replaces the ONS 'each' price, which ran higher than the three shops
A112: 13-582 | B112: Cabbage, average, raw | C112: cabbage | D112: Shop average | E112: Average of 3 supermarkets, 2 Oct 2026 | F112: Own-brand standard range where sold (see 'Shop prices' tab) | G112: 0.98 | H112: 1000 | I112: =IF(AND(ISNUMBER(G112),ISNUMBER(H112),H112>0),G112/H112*1000,"") -> 0.98 | J112: Morrisons, Sainsbury's, Tesco | K112: 02/10/2026 | L112: Range £0.98 to £0.98 per kg. Weight per item: USDA FDC 169975, 1 medium head. Replaces the ONS 'each' price, which ran higher than the three shops
A113: 14-327 | B113: Oranges, flesh only | C113: orange | D113: Shop average | E113: Average of 2 supermarkets, 2 Oct 2026 | F113: Own-brand standard range where sold (see 'Shop prices' tab) | G113: 2.67 | H113: 1000 | I113: =IF(AND(ISNUMBER(G113),ISNUMBER(H113),H113>0),G113/H113*1000,"") -> 2.67 | J113: Morrisons, Tesco | K113: 02/10/2026 | L113: Range £2.67 to £2.67 per kg. Weight per item: USDA FDC 169097, 1 orange. Replaces the ONS 'each' price, which ran higher than the three shops
A114: 14-378 | B114: Mangoes, ripe, flesh only, raw | C114: mango | D114: Shop average | E114: Average of 2 supermarkets, 2 Oct 2026 | F114: Own-brand standard range where sold (see 'Shop prices' tab) | G114: 2.8 | H114: 1000 | I114: =IF(AND(ISNUMBER(G114),ISNUMBER(H114),H114>0),G114/H114*1000,"") -> 2.8 | J114: Sainsbury's, Tesco | K114: 02/10/2026 | L114: Range £2.80 to £2.80 per kg. Weight per item: USDA FDC 169910, 1 mango without peel and stone. Replaces the ONS 'each' price, which ran higher than the three shops
A115: 14-386 | B115: Avocado, Hass, flesh only | C115: avocado | D115: Shop average | E115: Average of 3 supermarkets, 2 Oct 2026 | F115: Own-brand standard range where sold (see 'Shop prices' tab) | G115: 6.08 | H115: 1000 | I115: =IF(AND(ISNUMBER(G115),ISNUMBER(H115),H115>0),G115/H115*1000,"") -> 6.08 | J115: Morrisons, Sainsbury's, Tesco | K115: 02/10/2026 | L115: Range £5.07 to £8.09 per kg. Weight per item: USDA FDC 171706, 1 avocado without skin and stone. Replaces the ONS 'each' price, which ran higher than the three shops
A116: 11-718 | B116: Pasta, wholewheat, spaghetti, dried, raw | C116: wholewheat pasta | D116: ONS stand-in, check | E116: ONS average price, Aug 2026 | F116: Pasta - dry (500 g) | G116: 0.99 | H116: 500 | I116: =IF(AND(ISNUMBER(G116),ISNUMBER(H116),H116>0),G116/H116*1000,"") -> 1.98 | L116: ONS has one dry pasta item; wholewheat is often a little dearer
A117: 11-719 | B117: Noodles, egg, dried, raw | C117: egg noodle; noodle | D117: ONS stand-in, check | E117: ONS average price, Aug 2026 | F117: Noodles - Asian-style (300 g) | G117: 1.39 | H117: 300 | I117: =IF(AND(ISNUMBER(G117),ISNUMBER(H117),H117>0),G117/H117*1000,"") -> 4.6333333 | L117: ONS item covers egg and other Asian-style noodles
A118: 11-886 | B118: Flour, wheat, white, plain, soft | C118: flour; plain flour | D118: ONS stand-in, check | E118: ONS average price, Aug 2026 | F118: Flour - self-raising (1500 g) | G118: 1.01 | H118: 1500 | I118: =IF(AND(ISNUMBER(G118),ISNUMBER(H118),H118>0),G118/H118*1000,"") -> 0.67333333 | L118: ONS only has self-raising; plain flour usually costs about the same
A119: 13-622 | B119: Sweetcorn, kernels, raw | C119: sweetcorn | D119: Shop stand-in, check | E119: Average of 3 supermarkets, 2 Oct 2026 | F119: Own-brand standard range where sold (see 'Shop prices' tab) | G119: 2.82 | H119: 1000 | I119: =IF(AND(ISNUMBER(G119),ISNUMBER(H119),H119>0),G119/H119*1000,"") -> 2.82 | J119: Morrisons, Sainsbury's, Tesco | K119: 02/10/2026 | L119: Range £1.91 to £3.44 per kg. Replaces the ONS price. Uses the prices of 13-529 (tinned sweetcorn, per drained kg): recipes mostly mean tinned sweetcorn
A120: 16-387 | B120: Prawns, king, raw | C120: prawn; king prawn | D120: ONS stand-in, check | E120: ONS average price, Aug 2026 | F120: Seafood - frozen prawns and shrimps (1000 g) | G120: 20.15 | H120: 1000 | I120: =IF(AND(ISNUMBER(G120),ISNUMBER(H120),H120>0),G120/H120*1000,"") -> 20.15 | L120: ONS item is frozen prawns; king prawns cost more
A121: 17-491 | B121: Chocolate, plain | C121: dark chocolate | D121: ONS stand-in, check | E121: ONS average price, Aug 2026 | F121: Chocolate - plain or flavoured (150 g) | G121: 2.44 | H121: 150 | I121: =IF(AND(ISNUMBER(G121),ISNUMBER(H121),H121>0),G121/H121*1000,"") -> 16.266667 | L121: ONS bar chocolate without filling; dark chocolate is often a little dearer
A122: 18-478 | B122: Lamb, average, raw, lean and fat | C122: lamb; lamb leg | D122: ONS stand-in, check | E122: ONS average price, Aug 2026 | F122: Lamb - steaks, chops or fillets (1000 g) | G122: 21.06 | H122: 1000 | I122: =IF(AND(ISNUMBER(G122),ISNUMBER(H122),H122>0),G122/H122*1000,"") -> 21.06 | L122: Lamb leg or diced lamb can differ
A123: 18-488 | B123: Chicken, meat, average, raw | C123: chicken | D123: ONS stand-in, check | E123: ONS average price, Aug 2026 | F123: Chicken - fillet or steak (1000 g) | G123: 9.1 | H123: 1000 | I123: =IF(AND(ISNUMBER(G123),ISNUMBER(H123),H123>0),G123/H123*1000,"") -> 9.1 | L123: Plain 'chicken' in a recipe is usually breast
A124: 18-508 | B124: Beef, mince, raw, extra lean | C124: lean beef mince; extra lean beef mince | D124: ONS stand-in, check | E124: ONS average price, Aug 2026 | F124: Beef - minced or diced (1000 g) | G124: 10.96 | H124: 1000 | I124: =IF(AND(ISNUMBER(G124),ISNUMBER(H124),H124>0),G124/H124*1000,"") -> 10.96 | L124: Extra lean mince is usually dearer
A125: USDA-169742 | B125: Rice noodles, dry | C125: rice noodle | D125: ONS stand-in, check | E125: ONS average price, Aug 2026 | F125: Noodles - Asian-style (300 g) | G125: 1.39 | H125: 300 | I125: =IF(AND(ISNUMBER(G125),ISNUMBER(H125),H125>0),G125/H125*1000,"") -> 4.6333333 | L125: ONS item covers rice and other Asian-style noodles
A126: 11-716 | B126: Pasta, white, dried, raw | C126: pasta; spaghetti; penne; fusilli; macaroni | D126: ONS, same item | E126: ONS average price, Aug 2026 | F126: Pasta - dry (500 g) | G126: 0.99 | H126: 500 | I126: =IF(AND(ISNUMBER(G126),ISNUMBER(H126),H126>0),G126/H126*1000,"") -> 1.98
A127: 11-788 | B127: Porridge oats, unfortified | C127: oat; rolled oat; porridge oat | D127: ONS, same item | E127: ONS average price, Aug 2026 | F127: Oats or porridge (750 g) | G127: 2.37 | H127: 750 | I127: =IF(AND(ISNUMBER(G127),ISNUMBER(H127),H127>0),G127/H127*1000,"") -> 3.16
A128: 11-857 | B128: Rice, white, basmati, raw | C128: basmati rice | D128: ONS, same item | E128: ONS average price, Aug 2026 | F128: Rice - basmati or jasmine (750 g) | G128: 1.89 | H128: 750 | I128: =IF(AND(ISNUMBER(G128),ISNUMBER(H128),H128>0),G128/H128*1000,"") -> 2.52
A129: 11-888 | B129: Flour, wheat, white, self raising | C129: self-raising flour; self raising flour | D129: ONS, same item | E129: ONS average price, Aug 2026 | F129: Flour - self-raising (1500 g) | G129: 1.01 | H129: 1500 | I129: =IF(AND(ISNUMBER(G129),ISNUMBER(H129),H129>0),G129/H129*1000,"") -> 0.67333333
A130: 11-901 | B130: Couscous, plain, raw | C130: couscous | D130: ONS, same item | E130: ONS average price, Aug 2026 | F130: Couscous - dry (300 g) | G130: 1.38 | H130: 300 | I130: =IF(AND(ISNUMBER(G130),ISNUMBER(H130),H130>0),G130/H130*1000,"") -> 4.6
A131: 11-925 | B131: Tortilla, wheat, soft | C131: tortilla; wrap | D131: ONS, same item | E131: ONS average price, Aug 2026 | F131: Wraps and tortillas (without filling) (360 g) | G131: 1.5 | H131: 360 | I131: =IF(AND(ISNUMBER(G131),ISNUMBER(H131),H131>0),G131/H131*1000,"") -> 4.1666667
A132: 11-980 | B132: Bread, white, sliced | C132: bread; white bread | D132: ONS, same item | E132: ONS average price, Aug 2026 | F132: Bread - sliced white (800 g) | G132: 1.34 | H132: 800 | I132: =IF(AND(ISNUMBER(G132),ISNUMBER(H132),H132>0),G132/H132*1000,"") -> 1.675
A133: 11-981 | B133: Bread, wholemeal, average | C133: wholemeal bread | D133: ONS, same item | E133: ONS average price, Aug 2026 | F133: Bread - sliced wholemeal or brown (800 g) | G133: 1.3 | H133: 800 | I133: =IF(AND(ISNUMBER(G133),ISNUMBER(H133),H133>0),G133/H133*1000,"") -> 1.625
A134: 12-313 | B134: Milk, semi-skimmed, pasteurised, average | C134: milk; semi-skimmed milk | D134: ONS, same item | E134: ONS average price, Aug 2026 | F134: Milk - cow's (semi-skimmed, fresh) (1136 ml) | G134: 1.15 | H134: 1136 | I134: =IF(AND(ISNUMBER(G134),ISNUMBER(H134),H134>0),G134/H134*1000,"") -> 1.0123239 | L134: ml treated as g
A135: 12-332 | B135: Cream, fresh, single | C135: cream; single cream | D135: ONS, same item | E135: ONS average price, Aug 2026 | F135: Cream - pouring and cooking (e.g. single, whipping) (275 ml) | G135: 1.58 | H135: 275 | I135: =IF(AND(ISNUMBER(G135),ISNUMBER(H135),H135>0),G135/H135*1000,"") -> 5.7454545 | L135: ml treated as g
A136: 12-333 | B136: Cream, fresh, whipping | C136: whipping cream | D136: ONS, same item | E136: ONS average price, Aug 2026 | F136: Cream - pouring and cooking (e.g. single, whipping) (275 ml) | G136: 1.58 | H136: 275 | I136: =IF(AND(ISNUMBER(G136),ISNUMBER(H136),H136>0),G136/H136*1000,"") -> 5.7454545 | L136: ml treated as g
A137: 12-346 | B137: Cheese, Cheddar, English | C137: cheese; cheddar; cheddar cheese | D137: ONS, same item | E137: ONS average price, Aug 2026 | F137: Cheese - Cheddar (1000 g) | G137: 8.45 | H137: 1000 | I137: =IF(AND(ISNUMBER(G137),ISNUMBER(H137),H137>0),G137/H137*1000,"") -> 8.45
A138: 12-526 | B138: Cheese, Parmesan, fresh | C138: parmesan | D138: ONS, same item | E138: ONS average price, Aug 2026 | F138: Cheese - parmesan and similar products (1000 g) | G138: 23.62 | H138: 1000 | I138: =IF(AND(ISNUMBER(G138),ISNUMBER(H138),H138>0),G138/H138*1000,"") -> 23.62
A139: 12-551 | B139: Cheese, spreadable, full fat, soft, white | C139: cream cheese | D139: ONS, same item | E139: ONS average price, Aug 2026 | F139: Cheese - spreadable (150 g) | G139: 1.4 | H139: 150 | I139: =IF(AND(ISNUMBER(G139),ISNUMBER(H139),H139>0),G139/H139*1000,"") -> 9.3333333
A140: 12-596 | B140: Milk, whole, pasteurised, average | C140: whole milk | D140: ONS, same item | E140: ONS average price, Aug 2026 | F140: Milk - cow's (whole, fresh) (2272 ml) | G140: 1.84 | H140: 2272 | I140: =IF(AND(ISNUMBER(G140),ISNUMBER(H140),H140>0),G140/H140*1000,"") -> 0.80985915 | L140: ml treated as g
A141: 13-463 | B141: Sweet potato, raw, flesh only | C141: sweet potato | D141: ONS, same item | E141: ONS average price, Aug 2026 | F141: Potatoes - sweet (1000 g) | G141: 1.54 | H141: 1000 | I141: =IF(AND(ISNUMBER(G141),ISNUMBER(H141),H141>0),G141/H141*1000,"") -> 1.54
A142: 13-489 | B142: Potatoes, old, raw, flesh only | C142: potato | D142: ONS, same item | E142: ONS average price, Aug 2026 | F142: Potatoes - white (1000 g) | G142: 1 | H142: 1000 | I142: =IF(AND(ISNUMBER(G142),ISNUMBER(H142),H142>0),G142/H142*1000,"") -> 1
A143: 13-496 | B143: Carrots, old, raw | C143: carrot | D143: ONS, same item | E143: ONS average price, Aug 2026 | F143: Carrots (1000 g) | G143: 0.94 | H143: 1000 | I143: =IF(AND(ISNUMBER(G143),ISNUMBER(H143),H143>0),G143/H143*1000,"") -> 0.94
A144: 13-499 | B144: Onions, raw | C144: onion; red onion; white onion | D144: ONS, same item | E144: ONS average price, Aug 2026 | F144: Onions (1000 g) | G144: 1.15 | H144: 1000 | I144: =IF(AND(ISNUMBER(G144),ISNUMBER(H144),H144>0),G144/H144*1000,"") -> 1.15
A145: 13-502 | B145: Broccoli, green, raw | C145: broccoli | D145: ONS, same item | E145: ONS average price, Aug 2026 | F145: Broccoli (1000 g) | G145: 2.7 | H145: 1000 | I145: =IF(AND(ISNUMBER(G145),ISNUMBER(H145),H145>0),G145/H145*1000,"") -> 2.7
A146: 13-505 | B146: Mushrooms, white, raw | C146: mushroom | D146: ONS, same item | E146: ONS average price, Aug 2026 | F146: Mushrooms (1000 g) | G146: 3.96 | H146: 1000 | I146: =IF(AND(ISNUMBER(G146),ISNUMBER(H146),H146>0),G146/H146*1000,"") -> 3.96
A147: 13-514 | B147: Beans, green, raw | C147: green bean | D147: ONS, same item | E147: ONS average price, Aug 2026 | F147: Beans - fresh (excl. soya or edamame) (1000 g) | G147: 5.32 | H147: 1000 | I147: =IF(AND(ISNUMBER(G147),ISNUMBER(H147),H147>0),G147/H147*1000,"") -> 5.32
A148: 13-517 | B148: Tomatoes, standard, raw | C148: tomato | D148: ONS, same item | E148: ONS average price, Aug 2026 | F148: Tomatoes (1000 g) | G148: 3.73 | H148: 1000 | I148: =IF(AND(ISNUMBER(G148),ISNUMBER(H148),H148>0),G148/H148*1000,"") -> 3.73
A149: 13-527 | B149: Peas, frozen, raw | C149: pea; frozen pea | D149: ONS, same item | E149: ONS average price, Aug 2026 | F149: Peas - frozen (900 g) | G149: 2.11 | H149: 900 | I149: =IF(AND(ISNUMBER(G149),ISNUMBER(H149),H149>0),G149/H149*1000,"") -> 2.3444444
A150: 13-529 | B150: Sweetcorn kernels, canned in water, drained | C150: canned sweetcorn | D150: Shop average | E150: Average of 3 supermarkets, 2 Oct 2026 | F150: Own-brand standard range where sold (see 'Shop prices' tab) | G150: 2.82 | H150: 1000 | I150: =IF(AND(ISNUMBER(G150),ISNUMBER(H150),H150>0),G150/H150*1000,"") -> 2.82 | J150: Morrisons, Sainsbury's, Tesco | K150: 02/10/2026 | L150: Range £1.91 to £3.44 per kg. Replaces the ONS price. Priced per kg of drained weight, as printed on the tin
A151: 13-530 | B151: Tomatoes, canned, whole contents | C151: canned tomato; tinned tomato; chopped tomato | D151: ONS, same item | E151: ONS average price, Aug 2026 | F151: Tomatoes - canned or jarred (400 g) | G151: 0.65 | H151: 400 | I151: =IF(AND(ISNUMBER(G151),ISNUMBER(H151),H151>0),G151/H151*1000,"") -> 1.625
A152: 13-532 | B152: Baked beans, canned in tomato sauce | C152: baked bean | D152: ONS, same item | E152: ONS average price, Aug 2026 | F152: Baked beans (425 g) | G152: 0.89 | H152: 425 | I152: =IF(AND(ISNUMBER(G152),ISNUMBER(H152),H152>0),G152/H152*1000,"") -> 2.0941176
A153: 13-556 | B153: Houmous | C153: hummus; houmous | D153: ONS, same item | E153: ONS average price, Aug 2026 | F153: Houmous (200 g) | G153: 1.46 | H153: 200 | I153: =IF(AND(ISNUMBER(G153),ISNUMBER(H153),H153>0),G153/H153*1000,"") -> 7.3
A154: 13-618 | B154: Potatoes, new and salad, flesh only, raw | C154: new potato | D154: ONS, same item | E154: ONS average price, Aug 2026 | F154: Potatoes - baby, new or salad (1000 g) | G154: 1.56 | H154: 1000 | I154: =IF(AND(ISNUMBER(G154),ISNUMBER(H154),H154>0),G154/H154*1000,"") -> 1.56
A155: 13-627 | B155: Courgette, raw | C155: courgette; zucchini | D155: ONS, same item | E155: ONS average price, Aug 2026 | F155: Courgette (1000 g) | G155: 3.13 | H155: 1000 | I155: =IF(AND(ISNUMBER(G155),ISNUMBER(H155),H155>0),G155/H155*1000,"") -> 3.13
A156: 13-660 | B156: Beans, red kidney, canned in water, re-heated, drained | C156: kidney bean; red kidney bean | D156: Shop average | E156: Average of 3 supermarkets, 2 Oct 2026 | F156: Own-brand standard range where sold (see 'Shop prices' tab) | G156: 1.6 | H156: 1000 | I156: =IF(AND(ISNUMBER(G156),ISNUMBER(H156),H156>0),G156/H156*1000,"") -> 1.6 | J156: Morrisons, Sainsbury's, Tesco | K156: 02/10/2026 | L156: Range £1.54 to £1.63 per kg. Replaces the ONS price. Priced per kg of drained weight, as printed on the tin
A157: 13-670 | B157: Beans, chick peas, canned, re-heated, drained | C157: chickpea; canned chickpea | D157: Shop average | E157: Average of 3 supermarkets, 2 Oct 2026 | F157: Own-brand standard range where sold (see 'Shop prices' tab) | G157: 1.65 | H157: 1000 | I157: =IF(AND(ISNUMBER(G157),ISNUMBER(H157),H157>0),G157/H157*1000,"") -> 1.65 | J157: Morrisons, Sainsbury's, Tesco | K157: 02/10/2026 | L157: Range £1.54 to £1.71 per kg. Replaces the ONS price. Priced per kg of drained weight, as printed on the tin
A158: 13-878 | B158: Oregano, dried, ground | C158: oregano | D158: ONS, same item | E158: ONS average price, Aug 2026 | F158: Herbs - dried (10 g) | G158: 1 | H158: 10 | I158: =IF(AND(ISNUMBER(G158),ISNUMBER(H158),H158>0),G158/H158*1000,"") -> 100 | L158: Dried oregano
A159: 13-884 | B159: Mixed herbs, dried | C159: mixed herb | D159: ONS, same item | E159: ONS average price, Aug 2026 | F159: Herbs - dried (10 g) | G159: 1 | H159: 10 | I159: =IF(AND(ISNUMBER(G159),ISNUMBER(H159),H159>0),G159/H159*1000,"") -> 100
...

Sheet Shop prices
A1: Food code | B1: Shop | C1: Product | D1: Pack price (£) | E1: Pack size | F1: Pack weight (g) | G1: Unit price shown | H1: Price per kg (£) | I1: How per kg was worked out | J1: Used | K1: URL | L1: Checked | M1: Note
A2: 11-861 | B2: Morrisons | C2: Morrisons Easy Cook Long Grain Rice 500g | D2: 1 | E2: 500g | F2: 500 | G2: £2.00/kg | H2: 2 | I2: pack price / pack weight | J2: yes | K2: https://groceries.morrisons.com/search?q=long%20grain%20rice | L2: 2026-10-02 | M2: Easy cook (parboiled); no plain own-brand long grain seen; 'white rice' search returned 403 twice. 1kg pack is £1.25 (£1.25/kg, Unbeatable Price)
A3: 11-861 | B3: Sainsbury's | C3: Sainsbury's Long Grain Rice 1kg | D3: 1.3 | E3: 1kg | F3: 1000 | G3: £1.30/kg | H3: 1.3 | I3: pack price / pack weight | J3: yes | K3: https://www.sainsburys.co.uk/gol-ui/SearchResults/long%20grain%20rice | L3: 2026-10-02 | M3: Plain long grain; smallest pack of this line
A4: 11-861 | B4: Tesco | C4: Tesco Easy Cook Long Grain Rice 1Kg | D4: 1.25 | E4: 1Kg | F4: 1000 | G4: £1.25/kg | H4: 1.25 | I4: pack price / pack weight | J4: yes | K4: https://www.tesco.com/groceries/en-GB/search?query=long%20grain%20rice | L4: 2026-10-02 | M4: Easy cook (parboiled); no plain Tesco long grain white rice listed (checked second search). Aldi Price Match badge
A5: 11-868 | B5: Morrisons | C5: Morrisons Easy Cook Brown Long Grain Rice | D5: 1.39 | E5: 1kg | F5: 1000 | G5: £1.39/kg | H5: 1.39 | I5: pack price / pack weight | J5: yes | K5: https://groceries.morrisons.com/products/morrisons-easy-cook-brown-long-grain-rice/104552192 | L5: 2026-10-02 | M5: Easy cook; first fetch misread unit as £1.20/kg, re-check shows 'Ordinarily £1.39/kg'
A6: 11-868 | B6: Sainsbury's | C6: Sainsbury's Brown Rice 500g | D6: 0.69 | E6: 500g | F6: 500 | G6: £1.38/kg | H6: 1.38 | I6: pack price / pack weight | J6: yes | K6: https://www.sainsburys.co.uk/gol-ui/SearchResults/brown%20rice | L6: 2026-10-02 | M6: Aldi price match
A7: 11-868 | B7: Tesco | C7: Tesco Easy Cook Brown Rice 1Kg | D7: 1.39 | E7: 1Kg | F7: 1000 | G7: £1.39/kg | H7: 1.39 | I7: pack price / pack weight | J7: yes | K7: https://www.tesco.com/groceries/en-GB/search?query=brown%20rice | L7: 2026-10-02 | M7: Easy cook brown rice; no other Tesco plain brown rice in results (2Kg £2.85 larger)
A8: 11-878 | B8: Morrisons | C8: Gallo Traditional Risotto 500g | D8: 3 | E8: 500g | F8: 500 | G8: £6.00/kg | H8: 6 | I8: pack price / pack weight | J8: yes | K8: https://groceries.morrisons.com/search?q=risotto%20rice | L8: 2026-10-02 | M8: branded; no Morrisons own-brand risotto/arborio rice found; Riso Gallo Easy Cook Risotto Rice 500g £2.65 also listed but is easy-cook not plain
A9: 11-878 | B9: Sainsbury's | C9: Sainsbury's Arborio Risotto Rice 500g | D9: 2.25 | E9: 500g | F9: 500 | G9: £4.50 / kg | H9: 4.5 | I9: pack price / pack weight | J9: yes | K9: https://www.sainsburys.co.uk/gol-ui/SearchResults/arborio%20rice | L9: 2026-10-02
A10: 11-878 | B10: Tesco | C10: Tesco Risotto Rice 1Kg | D10: 3.3 | E10: 1Kg | F10: 1000 | G10: £3.30/kg | H10: 3.3 | I10: pack price / pack weight | J10: yes | K10: https://www.tesco.com/groceries/en-GB/search?query=risotto%20rice | L10: 2026-10-02 | M10: Only Tesco standard risotto rice listed; name does not say Arborio; 1kg is the only size
A11: 11-889 | B11: Morrisons | C11: Allinson's Very Strong Wholemeal Bread Flour | D11: 1.95 | E11: 1kg | F11: 1000 | G11: £1.95/kg | H11: 1.95 | I11: pack price / pack weight | J11: yes | K11: https://groceries.morrisons.com/search?q=strong%20wholemeal%20flour | L11: 2026-10-02 | M11: branded; no Morrisons own-brand wholemeal flour found (Morrisons Strong Brown Flour 1.5kg £1.60 is brown not wholemeal)
A12: 11-889 | B12: Sainsbury's | C12: Sainsbury's Strong Stoneground 100% Wholemeal Flour 1.5kg | D12: 1.5 | E12: 1.5kg | F12: 1500 | G12: £1.00/kg | H12: 1 | I12: pack price / pack weight | J12: yes | K12: https://www.sainsburys.co.uk/gol-ui/SearchResults/sainsbury's%20wholemeal%20flour | L12: 2026-10-02 | M12: strong (bread) wholemeal; no own-brand plain wholemeal found
A13: 11-889 | B13: Tesco | C13: Wrights Strong Wholemeal Bread Flour 1.5Kg | D13: 1.6 | E13: 1.5Kg | F13: 1500 | G13: £1.07/kg | H13: 1.07 | I13: pack price / pack weight | J13: yes | K13: https://www.tesco.com/groceries/en-GB/search?query=strong%20wholemeal%20bread%20flour | L13: 2026-10-02 | M13: branded; no Tesco own-brand wholemeal flour found except Tesco Wholemeal Chapatti Flour 10Kg (£7.50, not a household pack); Hovis Strong Wholemeal 1kg also £1.60 (£1.60/kg)
A14: 11-973 | B14: Morrisons | C14: Morrisons Plain Naan Bread | D14: 1.5 | E14: 2 x 130g | F14: 260 | G14: £5.77/kg | H14: 5.77 | I14: pack price / pack weight | J14: yes | K14: https://groceries.morrisons.com/search?q=naan%20bread | L14: 2026-10-02
A15: 11-973 | B15: Sainsbury's | C15: Sainsbury's Plain Naan x2 260g | D15: 0.69 | E15: x2 260g | F15: 260 | G15: £2.65/kg | H15: 2.65 | I15: pack price / pack weight | J15: yes | K15: https://www.sainsburys.co.uk/gol-ui/SearchResults/naan%20bread | L15: 2026-10-02 | M15: Aldi price match; Sainsbury's Indian Plain Naan x2 260g also listed at £1.50 (£5.77/kg)
A16: 11-973 | B16: Tesco | C16: Tesco Plain Naans 2 Pack 260G | D16: 0.69 | E16: 260G (2 pack) | F16: 260 | G16: £2.65/kg | H16: 2.65 | I16: pack price / pack weight | J16: yes | K16: https://www.tesco.com/groceries/en-GB/search?query=naan%20bread | L16: 2026-10-02 | M16: Aldi Price Match line; Tesco also lists 'Tesco Plain Naan Bread 2 Pack' £1.50 (£0.75/each, Clubcard £1.00) with no weight shown
A17: 11-974 | B17: Morrisons | C17: Morrisons Stonebaked White Pittas 6 Pack | D17: 0.5 | E17: 6 per pack | G17: 8.3p/item | H17: 1.39 | I17: price each / 360 g (6 pittas x 60 g (Tesco product page)) | J17: yes | K17: https://groceries.morrisons.com/products/morrisons-stonebaked-white-pittas-6-pack/109515964 | L17: 2026-10-02 | M17: 6 pittas; product page states no net weight. Unbeatable Price
A18: 11-974 | B18: Sainsbury's | C18: Sainsbury's White Pittas x6 | D18: 0.5 | E18: x6 | G18: 8p per unit | H18: 1.39 | I18: price each / 360 g (6 pittas x 60 g (Tesco product page)) | J18: yes | K18: https://www.sainsburys.co.uk/gol-ui/SearchResults/white%20pitta%20bread | L18: 2026-10-02 | M18: 6 pittas; no pack weight shown on search page. Aldi price match
A19: 11-974 | B19: Tesco | C19: Tesco White Plain Pitta Bread 6 Pack | D19: 0.5 | E19: 6 pack | G19: £0.08/each | H19: 1.39 | I19: price each / 360 g (6 pittas x 60 g (Tesco product page)) | J19: yes | K19: https://www.tesco.com/shop/en-GB/products/254945564 | L19: 2026-10-02 | M19: 6 pittas; no net pack weight stated; product page nutrition is per pitta 60g. Aldi Price Match
A20: 12-184 | B20: Morrisons | C20: Morrisons Natural Yogurt | D20: 1.15 | E20: 500g | F20: 500 | G20: £2.30/kg | H20: 2.3 | I20: pack price / pack weight | J20: yes | K20: https://groceries.morrisons.com/products/morrisons-natural-yogurt/103145923 | L20: 2026-10-02 | M20: Fat level not stated; Morrisons also sells Whole Milk Natural Yoghurt 1kg £2.00 (£2.00/kg) which is explicitly whole milk
A21: 12-184 | B21: Sainsbury's | C21: Sainsbury's Natural Yogurt 500g | D21: 1.15 | E21: 500g | F21: 500 | G21: £2.30/kg | H21: 2.3 | I21: pack price / pack weight | J21: yes | K21: https://www.sainsburys.co.uk/gol-ui/SearchResults/natural%20yogurt | L21: 2026-10-02 | M21: Fat level not stated on search page (fat free / low fat versions are labelled separately)
A22: 12-184 | B22: Tesco | C22: Tesco Natural Yogurt 500G | D22: 1.15 | E22: 500G | F22: 500 | G22: £2.30/kg | H22: 2.3 | I22: pack price / pack weight | J22: yes | K22: https://www.tesco.com/groceries/en-GB/search?query=natural%20yogurt | L22: 2026-10-02 | M22: Fat level not stated on search page (low fat / 0% versions are labelled separately)
A23: 12-307 | B23: Morrisons | C23: Morrisons Skimmed British Milk 1 Pint | D23: 0.85 | E23: 568ml | F23: 568 | G23: £1.50/litre | H23: 1.5 | I23: pack price / pack weight (not used: this food's price comes from elsewhere, or too few shops) | J23: no | K23: https://groceries.morrisons.com/search?q=skimmed%20milk | L23: 2026-10-02 | M23: "Unbeatable Price" label; 500ml bottle £0.95 also listed (on-the-go size, not used)
A24: 12-307 | B24: Sainsbury's | C24: Sainsbury's British Skimmed Milk 568ml (1 pint) | D24: 0.85 | E24: 568ml | F24: 568 | G24: £1.50 / ltr | H24: 1.5 | I24: pack price / pack weight (not used: this food's price comes from elsewhere, or too few shops) | J24: no | K24: https://www.sainsburys.co.uk/gol-ui/SearchResults/skimmed%20milk | L24: 2026-10-02 | M24: 2 pint 1.13L £1.20 also available
A25: 12-307 | B25: Tesco | C25: Tesco British Skimmed Milk 568Ml, 1 Pint | D25: 0.85 | E25: 568ml | F25: 568 | G25: £1.50/litre | H25: 1.5 | I25: pack price / pack weight (not used: this food's price comes from elsewhere, or too few shops) | J25: no | K25: https://www.tesco.com/groceries/en-GB/search?query=skimmed%20milk | L25: 2026-10-02 | M25: 2 pint 1.136L £1.20 also available
A26: 12-334 | B26: Morrisons | C26: Morrisons British Double Cream | D26: 1.1 | E26: 150ml | F26: 150 | G26: £7.33/litre | H26: 7.33 | I26: pack price / pack weight | J26: yes | K26: https://groceries.morrisons.com/search?q=double%20cream | L26: 2026-10-02 | M26: labelled Unbeatable Price; 300ml £1.70 (£5.67/litre)
A27: 12-334 | B27: Sainsbury's | C27: Sainsbury's British Double Cream 150ml | D27: 1.2 | E27: 150ml | F27: 150 | G27: £8.00/ltr | H27: 8 | I27: pack price / pack weight | J27: yes | K27: https://www.sainsburys.co.uk/gol-ui/SearchResults/double%20cream | L27: 2026-10-02 | M27: 300ml £1.70 (£5.67/ltr)
A28: 12-334 | B28: Tesco | C28: Tesco British Double Cream 150Ml | D28: 1.1 | E28: 150Ml | F28: 150 | G28: £7.33/litre | H28: 7.33 | I28: pack price / pack weight | J28: yes | K28: https://www.tesco.com/groceries/en-GB/search?query=double%20cream | L28: 2026-10-02 | M28: 300ml £1.70 (£5.67/litre)
A29: 12-335 | B29: Morrisons | C29: Morrisons British Creme Fraiche | D29: 0.75 | E29: 300ml | F29: 300 | G29: £2.50/litre | H29: 2.5 | I29: pack price / pack weight | J29: yes | K29: https://groceries.morrisons.com/search?q=fresh%20creme%20fraiche | L29: 2026-10-02 | M29: 'creme fraiche' search returned 403 twice; this result from search 'fresh creme fraiche'; tagged Unbeatable Price
A30: 12-335 | B30: Sainsbury's | C30: Sainsbury's British Crème Fraîche 300ml | D30: 1.05 | E30: 300ml | F30: 300 | G30: £3.50/ltr | H30: 3.5 | I30: pack price / pack weight | J30: yes | K30: https://www.sainsburys.co.uk/gol-ui/SearchResults/creme%20fraiche | L30: 2026-10-02
A31: 12-335 | B31: Tesco | C31: Tesco British Creme Fraiche 300ml | D31: 0.75 | E31: 300ml | F31: 300 | G31: £2.50/litre | H31: 2.5 | I31: pack price / pack weight | J31: yes | K31: https://www.tesco.com/groceries/en-GB/search?query=creme%20fraiche | L31: 2026-10-02 | M31: Aldi Price Match
A32: 12-360 | B32: Morrisons | C32: Morrisons Mozzarella 125g | D32: 1.3 | E32: 125g | F32: 125 | G32: £10.40/kg | H32: 10.4 | I32: pack price / pack weight | J32: yes | K32: https://groceries.morrisons.com/search?q=mozzarella | L32: 2026-10-02
A33: 12-360 | B33: Sainsbury's | C33: Castelli 210g Mozzarella Cheese | D33: 0.55 | E33: 210g | F33: 125 | G33: £4.40/kg | H33: 4.4 | I33: pack price / pack weight | J33: yes | K33: https://www.sainsburys.co.uk/gol-ui/SearchResults/mozzarella | L33: 2026-10-02 | M33: DOUBTFUL. branded: no standard Sainsbury's mozzarella ball listed (only Lighter 125g £1.45, pearls, grated, TTD buffalo). Castelli is cheapest branded; pack_grams 125 inferred from unit price (drained), not stated. Galbani Italian Mozzarella 125g is £1.95 (£15.60/kg)
A34: 12-360 | B34: Tesco | C34: Tesco Mozzarella 200g | D34: 1.3 | E34: 200g (unit price on drained weight) | F34: 125 | G34: £10.40/kg DR.WT | H34: 10.4 | I34: pack price / pack weight | J34: yes | K34: https://www.tesco.com/groceries/en-GB/search?query=mozzarella | L34: 2026-10-02 | M34: Ball in brine; pack_grams = drained weight implied by DR.WT unit price (1.30/10.40 = 125 g)
A35: 12-379 | B35: Morrisons | C35: Morrisons Low Fat Natural Yogurt | D35: 1.15 | E35: 500g | F35: 500 | G35: £2.30/kg | H35: 2.3 | I35: pack price / pack weight | J35: yes | K35: https://groceries.morrisons.com/products/morrisons-low-fat-natural-yogurt/103149414 | L35: 2026-10-02
A36: 12-379 | B36: Sainsbury's | C36: Sainsbury's Fat Free Natural Yogurt 500g | D36: 0.55 | E36: 500g | F36: 500 | G36: £1.10/kg | H36: 1.1 | I36: pack price / pack weight | J36: yes | K36: https://www.sainsburys.co.uk/gol-ui/SearchResults/low%20fat%20natural%20yogurt | L36: 2026-10-02 | M36: DOUBTFUL: no Sainsbury's plain low fat natural yogurt found (only Greek Style Low Fat 500g £1.15); this is fat free; Aldi price match
A37: 12-379 | B37: Tesco | C37: Tesco 0% Fat Natural Yogurt 500G | D37: 1.15 | E37: 500G | F37: 500 | G37: £2.30/kg | H37: 2.3 | I37: pack price / pack weight | J37: yes | K37: https://www.tesco.com/groceries/en-GB/search?query=low%20fat%20natural%20yogurt | L37: 2026-10-02 | M37: DOUBTFUL: no Tesco standard 'low fat' natural yogurt; this is fat free. Creamfields Low Fat Natural Yogurt 500G £0.55 is a value range (excluded)
A38: 12-495 | B38: Morrisons | C38: Morrisons Paneer 200g | D38: 1.8 | E38: 200g | F38: 200 | G38: £9.00/kg | H38: 9 | I38: pack price / pack weight | J38: yes | K38: https://groceries.morrisons.com/search?q=paneer | L38: 2026-10-02
A39: 12-495 | B39: Sainsbury's | I39: no price found | J39: no | K39: https://www.sainsburys.co.uk/gol-ui/SearchResults/paneer | L39: 2026-10-02 | M39: Page returned no products (JavaScript-only shell) on 2 attempts
A40: 12-495 | B40: Tesco | C40: Tesco Paneer Cheese 200G | D40: 1.8 | E40: 200G | F40: 200 | G40: £9.00/kg | H40: 9 | I40: pack price / pack weight | J40: yes | K40: https://www.tesco.com/groceries/en-GB/search?query=paneer | L40: 2026-10-02
A41: 12-524 | B41: Morrisons | C41: Morrisons Long Life Unsweetened Soya Drink | D41: 1.3 | E41: 1L | F41: 1000 | G41: £1.30/litre | H41: 1.3 | I41: pack price / pack weight | J41: yes | K41: https://groceries.morrisons.com/search?q=unsweetened%20soya%20milk | L41: 2026-10-02
A42: 12-524 | B42: Sainsbury's | C42: Sainsbury's Unsweetened Long Life Soya Drink 1L | D42: 1.3 | E42: 1L | F42: 1000 | G42: £1.30/ltr | H42: 1.3 | I42: pack price / pack weight | J42: yes | K42: https://www.sainsburys.co.uk/gol-ui/SearchResults/unsweetened%20soya%20milk | L42: 2026-10-02 | M42: chilled Sainsbury's Unsweetened Soya Drink 1L £1.35
A43: 12-524 | B43: Tesco | C43: Tesco Longlife Soya Drink Unsweetened 1Ltr | D43: 1.15 | E43: 1Ltr | F43: 1000 | G43: £1.15/litre | H43: 1.15 | I43: pack price / pack weight | J43: yes | K43: https://www.tesco.com/groceries/en-GB/search?query=unsweetened%20soya%20milk | L43: 2026-10-02 | M43: long life chosen for consistency across shops; chilled Tesco Soya Drink Unsweetened 1Ltr £1.25
A44: 12-525 | B44: Morrisons | C44: Morrisons Greek Feta | D44: 2.15 | E44: 200g | F44: 200 | G44: £10.75/kg | H44: 10.75 | I44: pack price / pack weight | J44: yes | K44: https://groceries.morrisons.com/search?q=feta | L44: 2026-10-02
A45: 12-525 | B45: Sainsbury's | C45: Sainsbury's Greek Feta Cheese 200g | D45: 2.35 | E45: 200g | F45: 200 | G45: £11.75/kg | H45: 11.75 | I45: pack price / pack weight | J45: yes | K45: https://www.sainsburys.co.uk/gol-ui/SearchResults/feta | L45: 2026-10-02
A46: 12-525 | B46: Tesco | C46: Tesco Greek Feta Cheese 200 G | D46: 2.25 | E46: 200 G | F46: 200 | G46: £11.25/kg | H46: 11.25 | I46: pack price / pack weight | J46: yes | K46: https://www.tesco.com/groceries/en-GB/search?query=feta | L46: 2026-10-02
A47: 12-545 | B47: Morrisons | C47: Cadbury Bournville Dark Chocolate Cocoa Powder Tin 250g | D47: 4.45 | E47: 250g | F47: 250 | G47: £17.80/kg | H47: 17.8 | I47: pack price / pack weight | J47: yes | K47: https://groceries.morrisons.com/search?q=cocoa%20powder | L47: 2026-10-02 | M47: branded: no Morrisons own-brand cocoa powder (checked 'morrisons cocoa'). Cheapest per kg non-organic; Dr. Oetker 190g is £4.00 on offer (was £4.65)
A48: 12-545 | B48: Sainsbury's | C48: Sainsbury's Cocoa 250g | D48: 3.5 | E48: 250g | F48: 250 | G48: £14.00/kg | H48: 14 | I48: pack price / pack weight | J48: yes | K48: https://www.sainsburys.co.uk/gol-ui/SearchResults/cocoa%20powder | L48: 2026-10-02
A49: 12-545 | B49: Tesco | C49: Tesco Cocoa Powder 250G | D49: 2.99 | E49: 250G | F49: 250 | G49: £11.96/kg | H49: 11.96 | I49: pack price / pack weight | J49: yes | K49: https://www.tesco.com/groceries/en-GB/search?query=cocoa%20powder | L49: 2026-10-02 | M49: Aldi Price Match
A50: 12-555 | B50: Morrisons | C50: Morrisons Greek Style Yogurt 500g | D50: 1.15 | E50: 500g | F50: 500 | G50: £2.30/kg | H50: 2.3 | I50: pack price / pack weight | J50: yes | K50: https://groceries.morrisons.com/search?q=natural%20yogurt | L50: 2026-10-02 | M50: 200g pot also sold at £0.80 (£4.00/kg) - treated as single-serve
A51: 12-555 | B51: Sainsbury's | C51: Sainsbury's Greek Style Natural Yogurt 500g | D51: 1.15 | E51: 500g | F51: 500 | G51: £2.30/kg | H51: 2.3 | I51: pack price / pack weight | J51: yes | K51: https://www.sainsburys.co.uk/gol-ui/SearchResults/natural%20yogurt | L51: 2026-10-02 | M51: 200g pot also sold at 80p (£4.00/kg) - treated as single-serve
A52: 12-555 | B52: Tesco | C52: Tesco Greek Style Yogurt 500G | D52: 1.15 | E52: 500G | F52: 500 | G52: £2.30/kg | H52: 2.3 | I52: pack price / pack weight | J52: yes | K52: https://www.tesco.com/groceries/en-GB/search?query=natural%20yogurt | L52: 2026-10-02 | M52: 4x100g multipack excluded
A53: 13-074 | B53: Morrisons | C53: Laila Chickpeas 1kg | D53: 2.5 | E53: 1kg | F53: 1000 | G53: £2.50/kg | H53: 2.5 | I53: pack price / pack weight | J53: yes | K53: https://groceries.morrisons.com/search?q=chick%20peas | L53: 2026-10-02 | M53: branded; no Morrisons own-brand dried chickpeas found (only tinned); page does not state dried for this product; Indus Chickpeas 1kg also £2.50
A54: 13-074 | B54: Sainsbury's | C54: Sainsbury's Chickpeas 500g | D54: 2.3 | E54: 500g | F54: 500 | G54: £4.60 / kg | H54: 4.6 | I54: pack price / pack weight | J54: yes | K54: https://www.sainsburys.co.uk/gol-ui/SearchResults/sainsburys%20dried%20chickpeas%20500g | L54: 2026-10-02 | M54: DOUBTFUL: name does not say dried; listed among dried pulses and unit price fits dried (tins are listed separately as Chickpeas in Water 400g)
A55: 13-074 | B55: Tesco | C55: Natco Chick Peas 2Kg | D55: 3.85 | E55: 2Kg | F55: 2000 | G55: £1.92/kg | H55: 1.93 | I55: pack price / pack weight | J55: yes | K55: https://www.tesco.com/groceries/en-GB/search?query=tesco%20chick%20peas%20dried | L55: 2026-10-02 | M55: branded; no Tesco own-brand dried chickpeas found; name does not say dried (2kg bag); Laila Chickpeas 2Kg £4.00 also listed
A56: 13-089 | B56: Morrisons | C56: Morrisons Wholefoods Green Lentils | D56: 2.05 | E56: 500g | F56: 500 | G56: £4.10/kg | H56: 4.1 | I56: pack price / pack weight | J56: yes | K56: https://groceries.morrisons.com/search?q=green%20lentils | L56: 2026-10-02
A57: 13-089 | B57: Sainsbury's | C57: Sainsbury's Dried Green Lentils 500g | D57: 2.1 | E57: 500g | F57: 500 | G57: £4.20/kg | H57: 4.2 | I57: pack price / pack weight | J57: yes | K57: https://www.sainsburys.co.uk/gol-ui/SearchResults/sainsbury's%20green%20lentils | L57: 2026-10-02 | M57: Sainsbury's Green Lentils 250g £1.45 (£5.80/kg) also listed but page did not say if dried, so not used
A58: 13-089 | B58: Tesco | C58: Tesco Lentilles Vertes 500G | D58: 2.1 | E58: 500G | F58: 500 | G58: £4.20/kg | H58: 4.2 | I58: pack price / pack weight | J58: yes | K58: https://www.tesco.com/groceries/en-GB/search?query=tesco%20green%20lentils | L58: 2026-10-02 | M58: dried French green lentils; only Tesco own-brand dried green lentil found
A59: 13-161 | B59: Morrisons | C59: Morrisons Purple Aubergine | D59: 0.95 | E59: single item | G59: 95.0p/item | H59: 1.73 | I59: price each / 548 g (USDA FDC 169228, 1 aubergine) | J59: yes | K59: https://groceries.morrisons.com/search?q=aubergines | L59: 2026-10-02 | M59: 'aubergine' search returned 403 twice; this from search 'aubergines'; sold each, no weight given; tagged Unbeatable Price
A60: 13-161 | B60: Sainsbury's | C60: Sainsbury's Aubergine | D60: 0.95 | E60: each | G60: 95p/each | H60: 1.73 | I60: price each / 548 g (USDA FDC 169228, 1 aubergine) | J60: yes | K60: https://www.sainsburys.co.uk/gol-ui/SearchResults/aubergines | L60: 2026-10-02 | M60: 'aubergine' search page failed to render twice (JS only); this from search 'aubergines'; sold each, no weight given
A61: 13-161 | B61: Tesco | C61: Tesco Aubergine Each | D61: 2.7 | E61: each | I61: excluded: £2.70 and out of stock on two fetches, far above the other two shops | J61: no | K61: https://www.tesco.com/groceries/en-GB/search?query=aubergine | L61: 2026-10-02 | M61: DOUBTFUL: shown as £2.7 and out of stock on two fetches; no unit price or weight shown; high vs Sainsbury's/Morrisons 95p each
A62: 13-164 | B62: Morrisons | C62: Morrisons Bunched Fresh Beetroot | D62: 2.3 | E62: per bunch | G62: £2.30/item | I62: no weight, not used | J62: no | K62: https://groceries.morrisons.com/products/morrisons-bunched-fresh-beetroot/111002181 | L62: 2026-10-02 | M62: Raw bunched; product page gives no weight or count
A63: 13-164 | B63: Sainsbury's | C63: Sainsbury's Bunched Beetroot 500g | D63: 2.3 | E63: 500g | F63: 500 | G63: £4.60/kg | H63: 4.6 | I63: pack price / pack weight (not used: this food's price comes from elsewhere, or too few shops) | J63: no | K63: https://www.sainsburys.co.uk/gol-ui/SearchResults/beetroot | L63: 2026-10-02 | M63: Raw bunched
A64: 13-164 | B64: Tesco | I64: no price found | J64: no | K64: https://www.tesco.com/groceries/en-GB/search?query=beetroot | L64: 2026-10-02 | M64: No standard raw beetroot found (searched 'beetroot' and 'raw beetroot'); only own-brand raw option is Tesco Organic Beetroot 450g £2.20 (£4.89/kg), excluded as organic
A65: 13-190 | B65: Morrisons | C65: Morrisons British Red Cabbage 450-1350g | D65: 0.89 | E65: 450-1350g (each) | G65: 89.0p/item | H65: 1.06 | I65: price each / 839 g (USDA FDC 169977, 1 medium red cabbage head) | J65: yes | K65: https://groceries.morrisons.com/search?q=red%20cabbage | L65: 2026-10-02 | M65: Sold per item; weight range 450-1350g
A66: 13-190 | B66: Sainsbury's | C66: Sainsbury's Red Cabbage Each | D66: 0.89 | E66: Each | G66: 89p / ea | H66: 1.06 | I66: price each / 839 g (USDA FDC 169977, 1 medium red cabbage head) | J66: yes | K66: https://www.sainsburys.co.uk/gol-ui/SearchResults/red%20cabbage | L66: 2026-10-02 | M66: Sold per item; weight not stated
A67: 13-190 | B67: Tesco | C67: Tesco Red Cabbage Each | D67: 0.89 | E67: Each | G67: £0.89/each | H67: 1.06 | I67: price each / 839 g (USDA FDC 169977, 1 medium red cabbage head) | J67: yes | K67: https://www.tesco.com/groceries/en-GB/search?query=red%20cabbage | L67: 2026-10-02 | M67: Sold per item; weight not stated
A68: 13-234 | B68: Morrisons | C68: Morrisons British Sliced Kale 150g | D68: 0.67 | E68: 150g | F68: 150 | G68: £4.47/kg | H68: 4.47 | I68: pack price / pack weight | J68: yes | K68: https://groceries.morrisons.com/search?q=kale | L68: 2026-10-02 | M68: sliced kale is the only own-brand standard kale listed
A69: 13-234 | B69: Sainsbury's | I69: no price found | J69: no | K69: https://www.sainsburys.co.uk/gol-ui/SearchResults/kale | L69: 2026-10-02 | M69: Page returned no products (JavaScript-only shell) on 2 attempts
A70: 13-234 | B70: Tesco | C70: Tesco Curly Kale 180G | D70: 0.8 | E70: 180G | F70: 180 | G70: £4.44/kg | H70: 4.44 | I70: pack price / pack weight | J70: yes | K70: https://www.tesco.com/groceries/en-GB/search?query=kale | L70: 2026-10-02 | M70: Aldi Price Match (shelf price)
A71: 13-244 | B71: Morrisons | C71: Morrisons Garlic Bulbs 4 Pack | D71: 0.87 | E71: 4 per pack | G71: 21.8p/item | I71: no weight, not used | J71: no | K71: https://groceries.morrisons.com/search?q=garlic | L71: 2026-10-02 | M71: 4 bulbs; no net weight shown
A72: 13-244 | B72: Sainsbury's | C72: Sainsbury's Garlic x4 | D72: 0.87 | E72: x4 | G72: 22p/ea | I72: no weight, not used | J72: no | K72: https://www.sainsburys.co.uk/gol-ui/SearchResults/sainsbury's%20garlic%20x4 | L72: 2026-10-02 | M72: 4 bulbs; no net weight shown; Sainsbury's Large Garlic 50p each
A73: 13-244 | B73: Tesco | C73: Tesco Garlic 4 Pack | D73: 0.87 | E73: 4 Pack | G73: £0.22/each | I73: no weight, not used | J73: no | K73: https://www.tesco.com/groceries/en-GB/search?query=garlic | L73: 2026-10-02 | M73: 4 bulbs; no net weight shown; Tesco Large Garlic £0.50 each
A74: 13-300 | B74: Morrisons | C74: Morrisons Market St Okra | D74: 1.75 | E74: 200g | F74: 200 | G74: £8.75/kg | H74: 8.75 | I74: pack price / pack weight | J74: yes | K74: https://groceries.morrisons.com/search?q=okra | L74: 2026-10-02 | M74: fresh
A75: 13-300 | B75: Sainsbury's | C75: Sainsbury's Okra 175g | D75: 1.75 | E75: 175g | F75: 175 | G75: £10.00/kg | H75: 10 | I75: pack price / pack weight | J75: yes | K75: https://www.sainsburys.co.uk/gol-ui/SearchResults/okra | L75: 2026-10-02 | M75: fresh
A76: 13-300 | B76: Tesco | C76: Surya Cut Okra 300g | D76: 0.95 | E76: 300g | F76: 300 | G76: £3.17/kg | I76: excluded: frozen cut okra; the food is fresh raw okra | J76: no | K76: https://www.tesco.com/groceries/en-GB/search?query=okra | L76: 2026-10-02 | M76: branded; FROZEN cut okra - no fresh okra or Tesco own-brand okra listed
A77: 13-316 | B77: Morrisons | C77: Morrisons Finger Chillies 50g | D77: 0.72 | E77: 50g | F77: 50 | G77: £14.40/kg | H77: 14.4 | I77: pack price / pack weight | J77: yes | K77: https://groceries.morrisons.com/search?q=green%20chilli | L77: 2026-10-02 | M77: DOUBTFUL: no fresh Morrisons product named green chillies; finger chillies colour not stated on page
A78: 13-316 | B78: Sainsbury's | C78: Sainsbury's Green Chillies 65g | D78: 0.75 | E78: 65g | F78: 65 | G78: £11.54/kg | H78: 11.54 | I78: pack price / pack weight | J78: yes | K78: https://www.sainsburys.co.uk/gol-ui/SearchResults/green%20chillies | L78: 2026-10-02
A79: 13-316 | B79: Tesco | C79: Tesco Finger Chillies 80G | D79: 1.15 | E79: 80G | F79: 80 | G79: £14.38/kg | H79: 14.37 | I79: pack price / pack weight | J79: yes | K79: https://www.tesco.com/groceries/en-GB/search?query=tesco%20green%20chilli | L79: 2026-10-02 | M79: DOUBTFUL: no Tesco product named green chillies; finger chillies colour not stated on page
A80: 13-317 | B80: Morrisons | C80: Morrisons Fresh Red Chillies 50g | D80: 0.59 | E80: 50g | F80: 50 | G80: £11.80/kg | H80: 11.8 | I80: pack price / pack weight | J80: yes | K80: https://groceries.morrisons.com/search?q=red%20chilli | L80: 2026-10-02 | M80: 'red chillies' search returned 403 twice; this is from the 'red chilli' search
A81: 13-317 | B81: Sainsbury's | C81: Sainsbury's Red Chillies 65g | D81: 0.55 | E81: 65g | F81: 65 | G81: £8.46/kg | H81: 8.46 | I81: pack price / pack weight | J81: yes | K81: https://www.sainsburys.co.uk/gol-ui/SearchResults/red%20chillies | L81: 2026-10-02 | M81: Aldi price match
A82: 13-317 | B82: Tesco | C82: Tesco Red Chillies 60G | D82: 0.51 | E82: 60G | F82: 60 | G82: £8.50/kg | H82: 8.5 | I82: pack price / pack weight | J82: yes | K82: https://www.tesco.com/groceries/en-GB/search?query=red%20chillies | L82: 2026-10-02 | M82: Aldi Price Match
A83: 13-318 | B83: Morrisons | C83: Morrisons Loose Green Pepper | D83: 0.7 | E83: 1 item | G83: 70.0p/item | H83: 5.88 | I83: price each / 119 g (USDA FDC 170427, 1 medium green pepper) | J83: yes | K83: https://groceries.morrisons.com/products/morrisons-loose-green-pepper/108408294 | L83: 2026-10-02 | M83: Product page shows no weight or per-kg price; pack_grams left blank. Morrisons lists two identical green pepper entries at 0.70 (also 108408497).
A84: 13-318 | B84: Sainsbury's | C84: Sainsbury's Green Pepper | D84: 0.7 | E84: each | G84: 70p/ea | H84: 5.88 | I84: price each / 119 g (USDA FDC 170427, 1 medium green pepper) | J84: yes | K84: https://www.sainsburys.co.uk/gol-ui/SearchResults/green%20pepper | L84: 2026-10-02 | M84: No per-kg price or typical weight shown on search page; product page URL not available so pack_grams left blank.
A85: 13-318 | B85: Tesco | I85: no price found | J85: no | K85: https://www.tesco.com/groceries/en-GB/search?query=green%20peppers | L85: 2026-10-02 | M85: No fresh loose green pepper listed in Tesco search (queries: green pepper, green peppers); only jarred/sauce/olive products. Blank.
A86: 13-342 | B86: Morrisons | I86: no price found | J86: no | K86: https://groceries.morrisons.com/search?q=shallot | L86: 2026-10-02 | M86: No standard own-brand or branded raw shallots found (2 searches); only premium Morrisons The Best Shallots 300g £1.10 (£3.67/kg)
A87: 13-342 | B87: Sainsbury's | C87: Sainsbury's Shallots 400g | D87: 1.35 | E87: 400g | F87: 400 | G87: £3.38 / kg | H87: 3.38 | I87: pack price / pack weight | J87: yes | K87: https://www.sainsburys.co.uk/gol-ui/SearchResults/shallots | L87: 2026-10-02
A88: 13-342 | B88: Tesco | C88: Tesco Shallots Onions 400G | D88: 1.35 | E88: 400G | F88: 400 | G88: £3.38/kg | H88: 3.38 | I88: pack price / pack weight | J88: yes | K88: https://www.tesco.com/groceries/en-GB/search?query=shallots | L88: 2026-10-02 | M88: Clubcard Price £1.00 ignored
A89: 13-352 | B89: Morrisons | C89: Morrisons Salad Onions | D89: 0.65 | E89: minimum 100g | F89: 100 | G89: 65.0p/item | H89: 6.5 | I89: pack price / pack weight | J89: yes | K89: https://groceries.morrisons.com/search?q=spring%20onions | L89: 2026-10-02 | M89: labelled Unbeatable Price; pack is minimum 100g
A90: 13-352 | B90: Sainsbury's | C90: Sainsbury's Spring Onions Bunch 100g | D90: 0.69 | E90: 100g | F90: 100 | G90: 69p/ea | H90: 6.9 | I90: pack price / pack weight | J90: yes | K90: https://www.sainsburys.co.uk/gol-ui/SearchResults/spring%20onion | L90: 2026-10-02 | M90: search 'spring onions' failed twice (JS page), 'spring onion' worked
A91: 13-352 | B91: Tesco | C91: Tesco Bunched Spring Onions 100G | D91: 0.69 | E91: 100G | F91: 100 | G91: £6.90/kg | H91: 6.9 | I91: pack price / pack weight | J91: yes | K91: https://www.tesco.com/groceries/en-GB/search?query=spring%20onions | L91: 2026-10-02 | M91: Clubcard price £0.49 ignored
A92: 13-355 | B92: Morrisons | C92: Morrisons Butternut Squash | D92: 1.5 | E92: each | G92: £1.50/item | I92: no weight, not used | J92: no | K92: https://groceries.morrisons.com/search?q=butternut%20squash | L92: 2026-10-02 | M92: DOUBTFUL which line is standard: page lists two items both named 'Morrisons Butternut Squash', £1.50/item (3 days life) and £1.35/item (1 week life); no weights shown
A93: 13-355 | B93: Sainsbury's | C93: Sainsbury's Butternut Squash Loose | D93: 1.5 | E93: per kg (loose) | F93: 1000 | G93: £1.50/kg | H93: 1.5 | I93: pack price / pack weight (not used: this food's price comes from elsewhere, or too few shops) | J93: no | K93: https://www.sainsburys.co.uk/gol-ui/SearchResults/butternut%20squash | L93: 2026-10-02 | M93: sold loose by weight; Nectar price £1.10/kg (save 25%) ignored, regular £1.50/kg recorded
A94: 13-355 | B94: Tesco | C94: Tesco Butternut Squash Each | D94: 1.5 | E94: each | G94: £1.50/each | I94: no weight, not used | J94: no | K94: https://www.tesco.com/groceries/en-GB/search?query=butternut%20squash | L94: 2026-10-02 | M94: sold each; no weight shown
A95: 13-512 | B95: Morrisons | C95: Morrisons Medium Cauliflower | D95: 1.19 | E95: Single item | G95: £1.19/item | H95: 2.02 | I95: price each / 588 g (USDA FDC 169986, 1 medium head) | J95: yes | K95: https://groceries.morrisons.com/products/morrisons-medium-cauliflower/108303071 | L95: 2026-10-02 | M95: Medium size chosen as the standard (a Large one is £2.10). Product page shows no weight or per-kg price; pack_grams left blank.
A96: 13-512 | B96: Sainsbury's | C96: Sainsbury's Cauliflower | D96: 1.18 | E96: Each | G96: £1.18/ea | H96: 2.01 | I96: price each / 588 g (USDA FDC 169986, 1 medium head) | J96: yes | K96: https://www.sainsburys.co.uk/gol-ui/SearchResults/cauliflower%20each | L96: 2026-10-02 | M96: No per-kg price or typical weight shown; pack_grams left blank. Search for 'cauliflower' alone failed to load (JavaScript page) so the 'cauliflower each' search was used.
A97: 13-512 | B97: Tesco | C97: Tesco Cauliflower Each | D97: 1.18 | E97: Each | G97: £1.18/each | H97: 2.01 | I97: price each / 588 g (USDA FDC 169986, 1 medium head) | J97: yes | K97: https://www.tesco.com/shop/en-GB/products/253558119 | L97: 2026-10-02 | M97: Product page shows no per-kg price or typical weight; pack_grams left blank.
A98: 13-519 | B98: Morrisons | C98: Morrisons Cherry Tomatoes 420g | D98: 1.4 | E98: 420g | F98: 420 | G98: £3.33/kg | H98: 3.33 | I98: pack price / pack weight | J98: yes | K98: https://groceries.morrisons.com/search?q=cherry%20tomatoes | L98: 2026-10-02 | M98: Morrisons Vine Ripe Cherry Tomatoes 225g also listed at £1.35 (£6.00/kg)
A99: 13-519 | B99: Sainsbury's | C99: Sainsbury's 330g Cherry Tomatoes | D99: 0.89 | E99: 330g | F99: 330 | G99: £2.70/kg | H99: 2.7 | I99: pack price / pack weight | J99: yes | K99: https://www.sainsburys.co.uk/gol-ui/SearchResults/cherry%20tomatoes | L99: 2026-10-02
A100: 13-519 | B100: Tesco | C100: Tesco Cherry Tomatoes 300G | D100: 1 | E100: 300G | F100: 300 | G100: £3.33/kg | H100: 3.33 | I100: pack price / pack weight | J100: yes | K100: https://www.tesco.com/groceries/en-GB/search?query=cherry%20tomatoes | L100: 2026-10-02
...

Sheet ONS items used
A1: ONS item | B1: ONS pack size | C1: Average price Aug 2026 (£) | D1: Used for these food codes
A2: Apples - not cooking | B2: 1000 g | C2: 2.25 | D2: 14-319
A3: Baked beans | B3: 425 g | C3: 0.89 | D3: 13-532
A4: Bananas | B4: 1000 g | C4: 1.14 | D4: 14-318
A5: Beans - fresh (excl. soya or edamame) | B5: 1000 g | C5: 5.32 | D5: 13-514
A6: Beef - minced or diced | B6: 1000 g | C6: 10.96 | D6: 18-007, 18-077, 18-469, 18-508
A7: Beef - steak or chops | B7: 1000 g | C7: 23.24 | D7: 18-065, 18-471
A8: Blueberries | B8: 1000 g | C8: 10.59 | D8: 14-325
A9: Bread - sliced white | B9: 800 g | C9: 1.34 | D9: 11-980
A10: Bread - sliced wholemeal or brown | B10: 800 g | C10: 1.3 | D10: 11-981
A11: Broccoli | B11: 1000 g | C11: 2.7 | D11: 13-502
A12: Butter - dairy (block or tub) | B12: 250 g | C12: 2.26 | D12: 17-661, 17-685
A13: Carrots | B13: 1000 g | C13: 0.94 | D13: 13-496
... A57: Wraps and tortillas (without filling) | B57: 360 g | C57: 1.5 | D57: 11-925
A59: Source: Office for National Statistics, Shopping prices comparison tool, average prices, Aug 2026. Data file avgprice.csv and metadata.csv from github.com/ONSvisual/cpi-items-actions (the repository behind the ONS tool, updated 27 Sep 2026).
A60: Tool: https://www.ons.gov.uk/economy/inflationandpriceindices/articles/shoppingpricescomparisontool/2023-05-03
A61: Contains public sector information licensed under the Open Government Licence v3.0.
A62: ONS averages are across shops and brands. From March 2026 many food prices include supermarket scanner data.
